name	decision	sequence	numKeep	numDelete
Brian Chase (Wikipedia hoaxer)	K	KKKKKKDKDKKKKKKKKKKKKKKKKKKKKKKKKKKKKKKKKKKKKKKDKKKKKKKKKKKKKKKKKKKDDKKKKKKDKKKKDDKKKKKKDDKKKKDKKKKKKKKKKKKKDKKKKKKKDKDKKKKKKKKKKDKKKDKKKKKKKKKKDKDKKDKKDKKKKDKKKKDDDKDDKKKKKKKKKKKKKKKKKDKKKKKKKDKKKKKKKDKKKDDKKKKKDKKKKDDKDKKKKKKKKKKKKKKKKDKKDKKKKKKKKKKKKKKKKKKDKKKKKKKKKKKKKK	236	38
Essjay	K	KDKDKDDDDKKDDKKKKKKDKDDDKDDKKDKDDKKKKKDKKDKKKDDKKDKKKKDKKKKKDKKKKDDDDDKDKDDDKDDDDKKDKKKDKKKKKKKDDKKKDKDDDKDDDDKKKKDDKKKKKDDKKKDKKDKKDKDKKKKKKKDKKDKKKDKKKKDDKKDKDDKDKDKKKKKDKKDDKDKKDDKDKKKDKKKKDKKDDDK	120	79
Jamie Kane	K	KDDKKKKKDKDDDKKKDKKKKKKKDKDDDDKKKDKDKKDDKKDDDKKDKDDKDDKKDKDKDDKKKDDKKKDKDKKDDDKKDKKDKKDKDKKKKDDKDKDKDDDDDKKKDKKKKDKKKKKDDKDDDKDDKDDKKKKKKDDKDDKDKKKKKKKDDKKDDKKK	92	68
Rationales to impeach George W. Bush (3rd nomination)	K	KDKKDKDDDDDDDKDDKDKDKKDDKDKDKDKDDDDKDKDDKDDDDDDKDDDKDDKDDKDDDDDDKDDKDKKKKDKDDKDDDKKKDKKDKKKKDDDKDDDDKKDDDKDKDDKDDDDDKDKKDKKDKDDDDKKDDDDKDKDKKDDKKKD	58	89
Encyclopedia Dramatica (2nd nomination)	K	KKKKKDDKKDKKDDKKKDKKDKKKKDKKKKKKKKKKKKKKKKKDKKKDDKKDKKKKKDKKDKDKKDKDKKDKKKKKKKKKKKKKKKKKDKDKKKKKDKKKKDDKDKKKKKKKDKKDKDKKKKKKDKKKKDKDKDKKKDKKKKDKK	112	33
Solar eclipse on 2006 March 29	K	KKKKKKKKKDKKKKKKKKKKKKKKKKKKKKKKKKKKKKKKKKKKKKKKKKKKKKKKKKKKKKKKKDKKKKKKKKKKKKKKKKKKKKKKKKKKKKKKKKKKKKKKKKKKKKKKKKKKKKKDKKKKDKKKKKKDKKKKKKKKK	136	5
Colorado balloon incident	K	KDDKKKDKKDDKDKKKKDDDKKKDKKKDDKDKDDDKDDKDDDDKDKDDKDKDDKDKKKDKDKDKDKKDKKDKKDKKDDDDKKDKKDDKKDDDDKDDKKDDKDDDKDKKDDKDDKDKKKKKDKDKDKDDDKDKDKKKKDDKK	71	70
Flying Spaghetti Monster	K	KKKKKKKKKKKKKKKKKKKKKKKKKKKKKKKKKKKKKKKKKKKKKKKKKKKKKKKKKKKKKKKKKKKKKKKKKKKKKKKKKDKKKKKKKKKKKKKKKKKKKKKKKKKKKKKKKKKKKKDKKKKKKKKKKKKDKKKKKK	135	3
Philip Sandifer	D	DKKDDDDDDDDDDDDDKDDDKDKKDDDDDDDDDKDKDDDDDKKDDKKKKKDDDKDKKKDDKDKDDDKDKDKKDDDDDDDDDDDDDDDDDDDKKKDDDKDDDDDKKDDKDDDKDDDDDKDDDDDDDDDDDKKDD	36	97
Chris Crocker (internet celebrity)	K	DKDDKDDDKDKDKKKKKKDKKDKKKDDDKDKDKKKKDDKDKDDDKKDDKDKDDDDKKKKDKDKKKDKDDKDKKKKKKDDKDKKKDDDKDKDDDDKDDKKDDKDKKDKDKDKKKDKKKDKDKDDDDKDKKD	68	62
Gay Nigger Association of America (6th nomination)	K	DDKKKKKDDKDKKDDKKKDKKKDKKKKKKKDDKKDKKKKKDDDKKKKDKKDKDKKDKDKKDKKKKDDKDDDKDDDKDDDDKDDKDKKDDDDKDDKDKDKDDKDKKDKDKKKDKKDKDKKDDKD	68	55
Eon8 (2nd nomination)	K	KDDKKKKKKDKKKDDKKKDKKKDKDDKKDDKKDKKKKKDKKKKDDDDKKKKKDDKDDDDKKKDKKKKKKKDKDDDKDDDKDKDKDKDKKKDDDDKKDDKKKKKKKDDDKKDDDKDKD	68	49
What Really Happened (2nd nomination)	D	DKKKKKKKKKKDDDKKKKKDKKKKKKKDKKKKKKKKKKKDKKDKDKKDKDKKKKKKKKKKKDKKKKKKKKKKKKKKKKKKKKKKKKKKKDDKKKKKDKKKKKKKDKKKDDDKKKKKK	98	19
Susan Boyle	K	KKKDKKKKKKKDKKKDKKKKKKDKKKKKKKKDKKKKDKKKKKKKKKKDKKKKKKKKKKKKKKKKDDDKKKKDDKKKKKKKKKKKKKKDKKKKKKKKKKKKKKKKKKKDKKKKDKKKK	102	15
Wikitruth	K	DKKKKKKKDKKKKKKDKDKKKKKKKKKKKKDKKKKKKKDKKKDKKKKKKKKKDKKDKDKKKDDKKKKKKKKDKKKKDDKDKKDKKKKKDKKKDKKKDKDKKKKKDKKKKKKKDKKD	92	24
Ric Romero	K	KKKKKKKKKKKKKKKKKKDKKKKDKDKKKKKKKKKKKKKKDKKKDKKKKKKDKKKDKDKKKKDKDKKDKDKKKKKDKKKKKDKKKKDKKDKKKKKKKKDKKDKKKKDKKDKDDK	92	22
Allison Stokke (second nomination)	K	KKKKKDKDKDKDDKDKKKDDKDKDDKDDDKDDDKDKKDDDDDDKDDDKKDDDKKDDDKKDDDKDDDKDKKDDDDDKKDKKDDKDDKDDDKDKKDDDDDDDKKKDDDDDKKDKD	45	68
Nidal Malik Hasan	K	KKDKKKKKKDKKKDKKKKKDDKKKKKKKDKKKKKKDDKKDKKKKKKDKKKDKDDDKKKDKKKKKKKKKKKKDKKDKKKKKKKDKKKKKKKKDKKKKKKKKDKKDKDDKKKK	88	23
Angela Beesley (3rd nomination)	K	DDKDKKDKDDDKKDDDKDDDKKKDKKKKDDKDKKDKKKDDDDDDKDDKDDKKKKKDKKKDKDKDDKDKKDKDKDKKKDDDKDKDKKDKKDDDDKDDDDKKKKDDDDD	51	56
List of shock sites (fourth nomination)	K	KKDKDKKKKDKDKKKKDDDDKKDKKKDKKKKDKDKKDKKKKDKDDDKDDDKKKDDDDDDKKKDKKKDKKKDKKKKDKKDKKDKKKKDKKKDKKKKKKDKKDKKKKK	70	36
Republic of Ireland vs France (2010 FIFA World Cup Play-Off)	K	KDKKKKKDKKDKKKKKDDDKKKKDKKKDKKKDKKKKKKDDKKDKDKDKDKDKDKKKDKKKKDKDDKKKKKDDKDKKDDDDDKDKDKKKKKKKDDDKKKKKDK	67	35
King Kong defence	K	KDKKKKKKKKKKKKKKKKKKKKKKKKKDKKKKKDKKKKKKKKKKKDKDKKKKDKKKKKKKKKKKKKKKKKKKKKKKKKKKKKKKDKKKKKKKKKKKKKKKK	94	7
David Shankbone	D	DDDDKDKDKDKDKDDDDKDKKKKDKKKDKKDDDKKDKDDKDKKDKDDKDDDKDKDKKDDKDKKKKDDKKKDDKKKDKDKKKDKKDDDDKKKDKKDKDKDDK	52	49
Israeli apartheid (phrase)	K	KDDKDDDDDDDDKDKDKKKDKKKDDDKDKKDKDDKDDDKKKDDKDDDKKDKKDKKKKDDDKDDDDDKKKKDDDKDKDKKKKKDDDKKKDDKKDDDKKDKD	47	53
State terrorism by the United States (sixth nomination)	K	KKKDKKDDKDKDKDKKKKKKDKKKDKKDKDKKDDKDDDKDDDDDKKKDDKDKDKDDKDKDKKKKKKDDDDDKKDDKDKDDKKDKKKDKDKKDKDDDKKKD	54	46
Giovanni di Stefano	K	DKKKKKKKDKKKKKKKKKKKKKKKKKKKKKKKKDDKKKKKKKKKKKKKKDKDKKKKKKKKKKKKKDKKDKKKDKDKDKKKKKKKKKKKKKKKKK	83	11
Jocelyne Couture-Nowak	D	DKDKDDDKDDKDDDDKKDDKDKDDKDDDKKKKKKKKDDKKDDKDKDDDDKKKDKDKKDDDKKKKKDDKDDKDKKKDDKDDKKDKDKDKKKKDKK	48	46
Project Chanology	K	KKKDKDKKKKKKKKKKKKKKKKKKKKDKKKKKKKKKKKKDKKKKKKKKKKKDKKKKKKKKKKKDKKKKKKKDDDKKKKKKKKKKKKKKKDKKK	83	10
Allegations of Chinese apartheid	D	DDDKDKDKKKDDKDDKDKDDDDKKKKDKKDKDKKKDDKKKKKKKDDKDKDKDDDDDDKDDDKKDDKDKKDDDDKDKDDKDKDKKKDDDKD	42	48
Religious persecution by Jews	K	DKDKKDDDDDDKDDDDDDKKDDDDDDKDDDKDDDDKDKKKDDDKKDKDKDDKDKKDKDKDDKDDDDDKKDKKKKDKDKDKDDDDDKKDKD	34	56
Qantas Flight 30	K	KDKKDDKDKKKKDKKKKKKKKDKKDDKDKDKKDKKKDKKDKKKDKKKKKKKKKKDDDKKKKKKKKDKDKKKDKKKKDKKKKKKKKDK	65	22
Joseph Wurzelbacher	K	KKKKKKKDDKKKDKKKKKKKKKKKKKDKKKKKKDKDKKKDDKKKKDDKKKKKKKKKDKDKKKDKKKKKKDKDKKKKKKKKKKKKKK	71	15
Eon8 (2nd nomination)	D	KKKKDDDDKDDKDKKKKKKKKKKKDKKDKKKKDKDKKDKDDDKDKKKDKDDKKDKDDDKDKKDKDKKKKDDKKDKDDDKKKDDKK	51	34
Cyrus Farivar (4th nomination)	D	KDDKKDKDDKDDDKDDKDDKDKKKKKDDKKDDDDDDKDKKKDDDDDDDDDKKKKDKKDDKDDDDDDDDDKDDDDDDKDKKDDDDK	31	54
Sam Blacketer controversy	D	DDKDDDKDDDKDDDKDDDKDKDKKDDDDDKDDDDDDKDDDKKKDDKDDDKKDDKKKKDDDDDDDKDDDDDDDDDDDDDDKDKK	24	59
Michaele Salahi	K	KKDKKDKKDDKKDKDKDKKDKKKKKKKKKKKKDKKDKKDKKDDKDKKDKDKKKDKKKKDDDKDKKDKDKDKKDDDKDDKK	51	29
A More Perfect Union	K	KKKKKKKKDKKKKKKKKDKKKKDKKDKKKKKDKKKKKKKKKKDKKKKKKKDKKKDDKKDDKKKKKDKKKKDKKKKKKKD	65	14
List of deaths in Harry Potter and the Deathly Hallows	D	DKDDDDKDDKKKDDKKKDKKDDKKKDDKKKDKKDDKKDKDKKKDDDDKKDDKKDDDDKDDDKDDKKKKDDDDDKKKK	38	39
Alleged causes of Hurricane Katrina	K	DDDDDDKKDKKKDDKDDKKDDDKKKKDKDDDDKDKKKKKKDKDKDDKKDKDDDKDDKDKDKDKKKKDDKDKKKKKD	39	37
List of places blurred out on Google Maps	K	KKKDDKKDKKKKKKDDDKDKKDDKDKDKKKDDDKDKDDDKKKKDDDDKKKKKDKKDKDKKKKKKKKKDKKKDKDK	47	28
List of cats with fraudulent diplomas	K	KKKKKDKKKKKKKKKKKKDKKKDKKKKKKKKKKKKKKDKKKKKKKKKKKDKKKKKKKKKDKDKKKKKKKKKKKK	67	7
Possible consequences of Kosovo independence	K	DDKDKDKKKKKKKDKKKKDDKKDDDDDDKKKDKDKDKDKDDKDDDDDDKKKDDKKKKDDKDKKDDDDDDDKD	34	38
Transreal number	K	DDDDDKKKKKDKKKDKKKDKKDDKDDKKKKKKKKKDDKKKKKKKDDDDKKDDKDDKKDDDDKDDDDKKDKKK	41	31
List of Louisiana Baptist University people (second nomination)	K	DDKDKDKKDKKKDDKDDKDKKKDKDKDDDDDDDKKKDKDDDDDKDDKKDDKKKDDKDKKKDKKDDDKDKDKD	33	39
The Gore Effect	K	KDDKKDDDDKKDDKDDKKDDKKDKKKKDKDDKDKKDKKKKDDKDKDKKDDKDDKKKKDDDKKKKKKKKKDK	41	30
Fitzmas	K	DDKKDDKKDKKDKKKKKKKKDKKKKKKDKKKKKKKKDKKKKKKKKKKKKKKKKKKKKDKKKKKKKKKKKKD	60	11
Prior speculation on...'	D	KKDKKDKDKKDDKKKKDDKKKKKKKDDDKKDKDKKKKKDDDDKKKKDKKKDKKDKKDKKKKKKKKKDKKKD	49	22
Allegations of Israeli apartheid	K	KKKDDKDDKKKKDKKKKDKDKKKKDDKKKKKKDDDDKDKDDKKKKKKKDDKDKDDDDDDKDDDDDDDDKD	36	34
Gay Nigger Association of America (18th nomination)	K	DKDDKKDKKDKDKKDDDDDDDKKDDDDKDDDKKKKKKDKKDDDDDKDDKDKDKKDKKDDKKDKDDDDDDK	30	40
Cloverfield (creature)	K	DKKKKDDKDKDKKKKDKKKKKKKKDKKKKKKKKKDKKKKKKKKKDKKDDKKDKDKKKKKKDDKDKKDKDD	51	19
Faye Turney	K	KKKDKKKKKKKDKKKKKKKKKKKKDKKKDKKKKKKKKKKKKDKDDKKKKKDKKDKKKKKKKKDKKKKKKD	59	11
Movement to impeach George W. Bush (2nd nomination)	K	KDKKDKKKKKKKKDDKKKDKKKKKKKKKKDKKKKKKKKKDKKKKKKKKKKKKDKKKKKKKKKKKKDKKKK	61	9
Harvey Jackson	K	DKDKKDKDKKKKKDDKKDKDDDDKDKDDKDDDKKKDKKDDKKKKDDDDKDKKDDKDDKDKKDDDDKKKD	34	35
The Bus Uncle	K	KKKKKKKKKKKKDKKKDKKDKKKDDKKKDKDKKKKKKDKDDKKKDDKKKKKKKKDKKKKKKKKKDKKKK	55	14
Harry Potter and the Deathly Hallows (film)	K	DKDKKKKKKKKKKDDKDKKKKKKKKKKKDKDKKKKDKDKKKKKKKDKKKKKKKDKKKKKKKKKKKKKKK	58	11
Harry Potter and the Half-Blood Prince - Full Plot Summary	D	KKKKKDKKKDKDKKDKKKKKKKKKKKKKKKKKKKDKKDDKKDKKKKKDKKKKDDDKDKDDKDKKKKKK	52	16
World Wide Web War I	D	DDKKDDKDKDDKDKDDKKDDDDDKDKKDKDDDDKDDDDKDKKKDDDKKKDKDDDDDDDDKDKDKDDDD	24	44
Angela Beesley (7th nomination)	K	DKDDDKKDDDDKKKDKKDKKDKDKKKKDKDKKKDKKKDDKDDDKDDKKDDDDKKDDDKDDKKDKDDK	33	34
List of ...for Dummies books (2 nomination)	D	DDDDKDDDDDDDKDKDKKKDKKDDDDDDDDDDKKKDDKDDKDDDKDDDKDKDKDDKDDDKKKKKDDD	23	44
Allegations of apartheid (fifth nomination)	K	KKKKKDKDDDDKDKKKKDDKDKDKDKDKDDKKKDKDKDKKKDKDDKKDKDDKKDDDKDDDDKDKDDK	34	33
John Smeaton (baggage handler)	K	KKKDKKKKKDKKKKKKKKDKDKDKKKKDKKKKKKKKDKKKKKDDKKKKKKKKKKDKKKKDKKKKKKK	56	11
Teleprompter usage by Barack Obama	D	DDKDDDDDDDKDDKKKKDDDKKKDDDDDKDDDKDDKDKDDDDKDDDDKDKDDKDDDDDDKDDDKDK	20	46
List of scientists opposing the mainstream scientific assessment of global warming (3rd nomination)	K	DKKDDDKKKKDDKDKDDKDDKKKKKDDKDKDKKDDKDDKKKKDDKDKDKKKKDKDKDDDDDDDDDD	31	35
Emily Sander	K	KKDKKDDDDDKKDDKKDDDKKDDKKKDDKKDDDKDKKKDDDKKKDKDKKKKDKDKKKKDKDKDDD	34	31
List of common misconceptions (2nd nomination)	K	DDDDDDDKKKDDKDKKKDDKDDKKKDDDKKKDKKDKKDKKKKKDKKDDKKKDKDDKKDDDDDKKK	34	31
2009 attacks on Indian students in Australia	K	KKKDKKKKKKKDKKKKKKDKKKKKKKKKKKKKKKKDKKKDKKDKKKKDKKKKKKKKDKDKKKKDK	55	10
2004 U.S. presidential election controversy and irregularities	K	KKKKDKDDKKKKDKKDDKKKKKKKKKKKKKKDKKKKKKKKKKKKDDDKKKKDKDKKDDKKKKKK	50	14
Tony Pierce (second nomination)	K	KKDDDKDDDDDDKKKDKDDDDKDDDKDDDDKDDKDDDKKDDDDDDKDKDDDDDDKKDDDDDDDK	18	46
Adult-child sex (2nd nomination)	K	DKKKDKDKDKKDDKKDKDDKDKDDDKDKDDDDKDDKKDDKDKKKKKDKDKDDKDKDDKDDDKD	29	34
Sam Loxton with the Australian cricket team in England in 1948	K	KKKKKKKKKKKKKKKKKKKKKKKKKKKKKKDKKKDDDKKKKKKKKDDKKKKKKKKKKKKKKK	56	6
April 1, 2006 (complete list)	D	KKKKDKDKKKKKKKKKKKKKDKKKDKKKKDDKDKKKKKKDDDKKKDKDKKKKKKKKKKDDDK	47	15
Anti-Iranianism	K	KKDKDKKKKDKDKKKKKKDDKKDDKDDKKKDKKKDKDDDDKKDKKKDDDKDKKDDKDKKKKD	37	25
2008 Chino Hills earthquake	K	KKKDKDKKKKKDKDKKDKDKDDKDKKKDKKDKKKKKKKKDKDKKKKKKDDKKKKDKKKKKKK	46	16
Shawn Hornbeck	K	DKKKKKKKDKKKKKDKKKKKKKKKDKKKKKKKKKKKKKKKDKKKKKDDKDDKKKKDKKKKKK	52	10
Barbara Schwarz (4th nomination)	K	KKKKKDKDDKKKKKKDKKKKDKDDKKKKKKKDKDKDDDKKKDKDKKKDKDKKDKKKKKDKKK	44	18
International response to the 2010 Polish Air Force Tu-154 crash	K	KKDKDDKDKKDKKDKKDKKKDKKKDKKKKKDDDKDKDKDDDKDDKKKKKKDKDKKKDKDDDK	37	25
Boxxy	D	DDKKKKKKDDKKDKDKKDDKKKKKDKDDDKDKDDKDKKDKKKDKKDDDKKKDKDKKDKDKDK	36	26
2009 Richmond High School gang rape	K	KDKDKKDKDKKKKDDDKKKKDKDKDKKKDDDKKKDKKKKKKDKDKDKDKDDKKKKDKKDKD	38	23
Rachel Uchitel	D	DKDDKDDDDDDKDDDKDDDDKKDDKKDDKDDKKDDKKKDDDDDKDKDKKKDDDKDKKDDDK	23	38
James Kim	K	KKDKKKKKKKKKKKKKKKKKKKKKKKKKKKKKKKKKKKKKKKDKKKKDKKKKKKDKDKKKK	56	5
Lolcat	K	KKDKDKKKKKDKKKDKKKDKKDKDKKKKKKKKKKDKKKKKKKKDKDKKDKKDKKKKDKKKK	48	13
Saugeen Stripper 2	K	DDKDDDDDDKKKDKDDKDDDKKKDDKDDDDDDKDKDDKKKDDDDDDDKDDKKDDDKKKKD	22	38
Brendan Burke	K	KDKKKKKKKKKKKKKKDKKKKKKKKDKKKKKKKKKKKKKKKKKKKKKKKKKKKKKKKKKK	57	3
Star Trek: Enterprise alleged continuity problems (third nomination)	K	DDDKDDKDDKDDDKKDDDDDDDDDDKDKDDDDKDDDDKDDDDKDDDKDKDDDKDDDKDD	14	45
Eve Carson	K	DKKKDKKDDKKKDKDDKKKKKKKKKDKKKKKDKKDKDKKDKKKDDDKKDDDKKDKDKDD	37	22
Andy Stephenson	D	DDKDKKKKDKKKDKKKDKKDKKKKDKDKDDDKKKDKDKDDKDDKDDDKKDDDKKKDDKD	32	27
Jennifer Strange (2nd nomination)	D	KKKDKKKKKKDKKDKKKKKKKKDKKDKDKKKKKKKKKKKKDKKKDDKKDDKDKKKDDKD	44	15
Sexuality of Robert Baden-Powell (4th nomination)	K	DDKDDDDDDDKDDDDKKDDKDDDDDDDKDDKKDDDDKDDDDDDDKKDDDKDDDDDKDK	14	44
List of victims of the Columbine High School massacre (2nd nomination)	D	KDDKKKDDKKKKDKKDKKKDKKKDDKKKKDKDKDDKKKKKKKDKDKKDDKKKKDDKDK	38	20
Anonymous (group)	K	KKKDKKKKKDKKKKKKKKKKDDDKDKKKKKKKKKKKDKKKKKKKKKDKKKKKKKKKKK	50	8
Kept Man	K	DDKKDKKKKDKKKKKKDKKKDDKDDKDKKKKKKKKDKKKDDKDKKKKKKKKDDKDDKD	39	19
Bartlett High School, Bartlett, Illinois	K	KDKDDDDKKKDDKKDKDKDKDKKDDKDDKDDDKDDKDDDDDDDKKKDDDKKDDKKDKD	24	34
Apartheid (disambiguation)	K	KDKKDKKKKKKKDKDDDKDDDDKDDDKDDDDKDDDKDDKDDDDKDDKDKKDKDKKKD	25	32
Israeli terrorism	K	DKDKDDDKDDKKKKDDKKKDDDKKDKKKKKKDDDDDKKKDKKDDDKKKDKDDKDDKD	29	28
Earth (2nd nomination)	K	DDKKDDKDKDDKKKKKDKKKKKKKKKDDDDKKDKKDDDDDDDKKDDDDDDDKKDDKK	28	29
Human disguise	D	DDKDDDKDDDDDKKKKKDKKDDKDKDKDDKKKKKKDDKDKKDDKKKDDDDKDDDDKD	26	31
Stephen Colbert at the 2006 White House Correspondents' Association Dinner	K	KKKKDKKKDKKKKKDKDKKKKKKKKKDDKDDKKKKKKDKKKKKKDKKKKKDKKKKKK	46	11
Tribalwar	K	KDDDKKKKDKKKDKKKDKDDKKKDKKKDKDKDKDDKKDDKKKKKDKDKKKKDDKDKD	35	22
Bush Crimes Commission (2nd nomination)	K	DKKDKKKDKKKDKDKDDKDDDKKDDDKKDKKDDDDDDDDDDKKDKKKKKKKDDKDDK	28	29
Annie Le	K	KKKKKDKKDDKKKKKKKKKKKDDDKDDKKKKDDKKKKKKKKKKKKDKKKDKKKDKKK	44	13
Israeli art student scam	K	KDKKDDDDDKDKDKDKDDKDDDDKDKDDDDKDKDDDKDDDDDKKDKDDDKKKDDDD	19	37
Robert Frost Middle School	K	KKDDKKDKKKKKDKKKDKDKKKKDDKKDKDKDDKKDKKKKKDKDDKKKDDDDKKKK	36	20
2009 New York City airplane scare	K	KKDDKKKKKKKKKDKKKKDKKKDDDKKDDKKDKDDKDDDDDKDKDDKDKKDDDKDD	30	26
Barack Obama speech to joint session of Congress, September 2009	K	KDKKKKKKDKKKKKKKKKKKKKKKKKKKKKKDKKKKDKDKKKKKKKKKKKKKKKKK	51	5
Mariana Bridi da Costa	K	KKKKDKKKDKKDKKKKKKDDKKKKKKDKKKKKKKDKKKKKKDKDKKKKDKDKKKDD	43	13
Essjay controversy (4th nomination)	K	DDKDKKKKKDKKKKKKDKKKKKDKKKKKDKKKKKKKKKKKKKKKKKKKKKKKKKK	48	7
List of bow tie wearers (4th nomination)	K	DDKKKKKKKKDDKKKKKKKDKKDKKDKDKKKDKDKDKKKDKKDKDKKDDDDDDDK	34	21
Boy*d Upp	D	DKDDDKKKDKDKKDDDDKDDDDKDDKDKDKDKKDKKKKDDKDDKKKDDKDDDKDK	25	30
Denial of Soviet occupation	D	DKDDKKDKDKKDKKKDDKDDKKDKKDDKDKKDKKKDDKKKDKKDKKDKKKKDDKD	32	23
Stereotypes of Jews (2nd nomination)	K	DDKDKDKDDDDDKDKKDDDDDDDDKDKKDKDDKDKDKDDDKDDDDKDDDKKKKK	20	34
Rationales to impeach George W. Bush (2nd nomination)	K	DDDKDDDDDDKKDDDDDDKKKDDKKDKDKDKDDDDDDDDDKDDDKDKKKDDDKD	17	37
Opinion polling for the United States presidential election, 2008	K	KKKKDKDKKKDKKKKDKKKKKKKKKKKKDDKKKKKKKKDKDKDKKDKKKKDKKK	43	11
Climate change denial (4th nomination)	K	KKKKDKKKKKKKKKDDDKKDKKKKKKKDDKKDKKDKKKKKKKKDKKKDDDKKKK	41	13
Benoit family tragedy	K	KKKKKKKKKKKKKKKKDKKKKKKKKKKDKDKKKKKKKKKKKKKKKKKKKKKKK	50	3
Wikigroaning	K	KKKKKKDKDKDDDDKKDKDKKDKKKKKKKKKDKKKKDKDKKKKKDDDKKKKKK	38	15
Criticism of Judaism	K	DKDDKDDDDDDDKKDDDDDDDKKDKDDKDDDDDKDDDKKKDKDKDDKDKDDDD	16	37
George Alexander (US Army soldier)	K	DDDKKDDDKKDKKDDKDDDDKDKDKKKKDKDKDKDKKDKDKDKKDDKKDKDKK	27	26
Wasilla Assembly of God	K	KKDKKKKDKDDDDDDKDKDKKKKKKKDDKDDKKKKKDDDDKKDKDKDKKDDKD	29	24
Waleed Shaalan	D	DKDKDDKKDKKKKDKKKDKDKKDDDDDKKKKDDDDKDDDKKKDDKKDKKKDK	28	24
Similarities between Canada and New Zealand (second nomination)	D	DDKKKDDDDDKKKDDDKKDDKKDDDDKKDDKKKDDDDDKDDDKKKDKKDKDD	22	30
Neda (Iranian protester)	K	KDKKKDKKKKDKKKKKKKKKKKKKKKKKKKKKKKKDKDKKKKKKKKKKKKKK	47	5
Mostafa Tabatabainejad	K	DKKKKKKDKKKKKKDKKDKKDKKKKKKKKKKKKKKKKKDKKKKKKKKDKKKK	45	7
Prussian Blue (American duo)	K	KKKKKDKKDKKKKKKKKKKKKKDKKKKKKKKDKKKDKKKKKKKKKKKKKKKK	47	5
The Mushroom Kingdom	K	KDDDDDDDKKDDDKDKDDKDDDKKDKKKDKDDKDKDKDDDDDDDDDDKKDDK	18	34
Santorum (sexual slang)	K	KDKDKDKKKKDKKKKKDDKKKKKDKKDKKDKKKKKKKKKDDDDKDDKKKKKD	36	16
Jim Cramer's appearance on The Daily Show with Jon Stewart	K	KKKKKKKKDDKKKKKDKKDKKKKDKDKDKKKDKDKDKKKKKKKKKKKKKKKK	42	10
Allegations of French apartheid	K	DDDKKDKKKDKKDKDDKDKDKDKDDKKKKDDKDDDDDKKDKDKDKDDKKKDD	25	27
Neda Agha-Soltan	K	KKKKKKKKKKKKKKKKKKKKKDKKKKKKKKKKKKKKKKDKKKKKKKKKKKKK	50	2
Smurf Communism	K	KKKKKKKKKKKKKKKKKKDKDKKDDKKKDKKKKKKKKKKDKKKKKKDDKKKK	44	8
J. Otis Ledbetter	K	DKKKKKDDKKKKDKKKDDKKKDKDDDDKDDDDDKKDDKDKKKDKKKDDKKK	29	22
Allegations of Israeli apartheid (5th nomination)	K	DKDDKDDDDKDKKKKKDKDDKDDDDDKKDKDKDKKKKKKKDKDKDKKDDDK	26	25
Elonka Dunin (2nd nomination)	K	KKKDDKKKKKDKKKDKKKKDKKKKKKKKDKDKKKDKKDKKKKKKKKKKKKK	42	9
Allegations of state terrorism by the United States	K	DDKKKDKKKKDKKKKKKKKDDDKKKDDDKKDDKKDKDDDKKKKKKKKKKKD	34	17
List of school pranks	K	DKDDDKDKKKDDKDKDKDKKKDKDKKKKDDDDKDDDKKDDDDKDKKKKKDD	25	26
Jordan Middle School	K	DKDKDKKDKDKKDDKKKKDKDDDKDDKDKDDDDKKDKDKKDKDDDKKDDDD	23	28
Controlled demolition hypothesis for the collapse of the World Trade Center	K	DDKDKKKDKDKKKKKDDKKKKKKKDDKKDDKDDKKKKKKKKKDKDDKKKDK	34	17
Sir William Arbuthnot, 2nd Baronet	K	DKDDDKKDKDDDKKKKKDKKDDKDKDDDKKDDKKDKKDKKKKKKDDKDDKK	28	23
Maryville Middle School	K	KDDKKDKKDKDKKKDKDDDKDDDKDKKDKKDKDKKKDKKKDKKDKKKDKD	29	21
Suri Cruise	K	DKKKKKKDKDKKDDKKKKDKDDDDKKDKKDKDKDKDDDKDDKDDDKKKKD	27	23
Classes in World of Warcraft	K	DDKKKKKKKKKKDDDKKDDDKDKKKKKKKDDDKKKDDDDDKKKKDKKKKK	32	18
Suicide methods (3rd nomination)	K	DKDKKKKKKKKDKKKDKKDKKKKKKKKKKDDKKKDDKKDDKKDKKKKKKK	38	12
Dead Playboy Playmates	D	DDDDDKDDDDDDDDKKDKKDDDDKDDDDDKDDKKKDDDDDDKDDKKDDDD	13	37
Thomas Ice	K	KKKDKKKKKKKDKKDKKKDKDDDDDKDKKKKDKKDKKKDKKKKKKDDKKK	35	15
2006 FIFA World Cup controversies	K	DKKDDKDKDKDKKDKKKKDKKKKKKKDKKKDDKKKDKKKDKKDKKDKKDD	33	17
Race and intelligence	K	KKKKKKKKKKDKKKKKKDKKKKKKKKKKKKKDKKKKKDKKKKKKKKKKDK	45	5
List of modern day dictators	K	DDDDKKDDKKKKKKKKKDDDDDDDDKDKDKDDDDDDKKKDKDKDDKDDDD	20	30
Administrator abuse on Wikipedia	K	DKKDKDDDDDDDDKDDKKKDDKDDKDDKKDDKDDKKKKKDKDKDDDKDDD	20	30
Anti-globalization and Anti-Semitism	K	DDDKDKDKDDKDKDKKDDDDKKKDDDKDDDDDKKKDKDDDDKKKDKKDKD	21	29
Sturmgrenadier	D	DKDDKDKKDDDDDDDKDDDDDDDKDKKDDDDDDDDKKDDDKDDDDDDDDD	11	39
Lists of programs broadcast by networks	K	KDKDKDKKKDKKDKKKDKKKKKKKKKKKKDDKKKKKKKKKDKKKKKDDDK	38	12
Jaimee Grubbs	D	DDKDKDDDDDDKDDKKDDDDDDDKKDDDKKDKDDDDDDDDDDDDKDDDD	11	38
Boba Phat (2nd nomination)	K	DKDDDKDDDDDDDDKDDDDKDDDKDDDKKKDDDDDDKKDDDDDDKDKKK	14	35
Islamofascism (term)	K	KKDKKKKKKKKKKKKKKKKKKKKKKKKKKKKKKKKKKKKKKKKKDKKKK	47	2
Historical persecution by Muslims (2nd nomination)	D	KKKDKKDDDKDKKDKDKKKKDKKDKDKKDDKDDDDKKDDKDKKKDDDKK	27	22
Trolltalk (2nd nomination)	D	DDDDKKDKDDKDKDDDDDDDDDDDKKKKDKKKKDDDDDDKDDDDKDDDD	15	34
La Shawn Barber	K	DKDKDDDDKKKKKDKKKKDDDKDKDKDKDKDKKDDKDDDKKKKDDDDKK	25	24
Here Comes the Squirtle Squad	K	KDDKKKKKKKDDKDKKDKKKKDKDKDKKDKDKKKKKKKKKKKKKKDKKK	37	12
Kate McCann	K	DKKKKKKKDKKKKKKKKKKKDKKKKKKDKKKKKKKDKKKKKKDDKKKKK	42	7
Mike Randall (2nd nomination)	D	KDKKKDDDDDKDDKKDDDKDKDDKKDKKKDDDKDDDKKKKKKDKKDKDK	25	24
What Really Happened (2nd nomination)	K	KDDKDKDKKKDKKDDDKDKDKKDKKKDDDDDDDKKDDDDKDDKKDDDDD	20	29
Odle Middle School	K	DKDKKKKKDKDDKKKKDKKKKDKDDDKDKKDKDDDKKKKDDDKKKKKDD	29	20
The Game (game) (6th nomination)	K	DDDDKDDDKDDDDDDDKDKDDDDDKDKDDDDDKDKKKKKDDKKKKDKDK	18	31
Articles on individual Wikipedia language editions	K	KKKKKKKKKKKKKKKKKKKKKKKKKKKKKDKKKKKKKKKKKKKKKKKK	47	1
List of songs in English labeled the worst ever (3rd nomination)	K	KKKDDKDDDDDDKDDDKKKDKKDKDKDKKDDDKKKDDKDKKDDDDDDD	20	28
Lauren Burk	D	DDKKDKDDDDDKKDDDDDDDKDDKKDDDKDDDDDKDDDDKDKDDDDKD	13	35
Gail Trimble	K	DDDKKKDKKKDKDDDKDKKKDDKKKKKKKKDKDDKKKKDKKDKKKDDK	30	18
Trinity Christian High School (2nd nomination)	K	DKDKDKKKKKDKKDKDDKKKKKKKKKKKDKKKDKKKKDDKKDKKKKDK	35	13
List of Jewish communists	D	DDKDDDDDDDDDDDDDDDDDDDDDDDDDDDDKDDDDDKDDDDDDDDDD	3	45
John Edwards paternity allegations	K	KKKKKKKKKKKKKKKKKDKKKKKKDKKKDKDKKKKDKDDKKKKKKDKD	39	9
911 Eyewitness	K	KKKDKDKKKDDKKDKKDKDKDKDDDKKDDKKDKDDDKDKKKDKKKKKD	28	20
Goatse.cx	K	KDKKKKKKKKKKKKKKDKKDKKKKKKKKKKKKKKKKDKKKKKKKKKKK	44	4
Wikipedia:List of Wikipedians by number of edits	K	KDKKKKKKKKKKDKKKDKKKKDKDKKKKKKKDKKKKKKKKKKKKDKKK	41	7
Periodic table (Chinese)	K	KKDKDKKDDDDKDKKKKKKKKKKKKDKKDKKKKKDKDKKKKKDKDKKK	35	13
AC Transit Bus fight	K	KKDKKKKDDDKDKKKKKDKKKKKDKDKKKKKKDKDDKDKKKKDKKKKK	35	13
Natasha Collins	D	KKKKKDKKKKKKDDDDKKKKKDKKKDKDKKKKKDKDKKKDKKKKKKK	36	11
Climate change exaggeration	K	DDDDDKDDKKDKDKKDKDKDDDKDDDDDDDKDKDKKKDDDDDDKDDK	16	31
Gellert Grindelwald	K	KKKKKKKKKKKKKKKKKKDKKKKKKKKKDKKKKKDKKKKKKKKKKKK	44	3
List of shock sites (second nom)	K	KKKKKKKDDKKDDDKKKDDKDKKDKKKKKKDKKKKDDKKKKKKKDDK	33	14
Casualties of the 7 July 2005 London bombings/2005-07-10	K	KKKDKKKKKDKDKDKKKKKDKKKKKKKDKKKKKKKKKDDKKKKKKKK	39	8
State terrorism by United States of America (fifth nomination)	K	KDDKDDKKKDKKKKKKKDKKDKDDDKDKKKKDKKDKDKDKKDKKKDK	30	17
List of relationships with age disparity (2nd nomination)	D	DDDDDKDKKDDDKKDDKDKKDDDKKDKDDKDDDKKDKDKDKKKDKKK	22	25
Jewish ethnocentrism/Feb 2005	K	KKDKDKKDDDKKDDDDDDDDDDDKKKDKDDDDKKKDDKKDDDDDKDD	17	30
2005 Los Angeles power outage (second nomination)	D	KDDKKKKDDKDDDKKDDDKKDKKKKDDDKKDDDKDDDDDKDDDDDKK	20	27
Contemporary persecution of non-Jews by Jews	D	DDDDDDDDKDDDDDDDDDDDKDDDDDDDDDDDDDDDDDDDDDKDKD	4	42
National Portrait Gallery copyright conflicts	K	KDKDDKDKDKDKDKKDDDDKDDDDKKDKDKKKKDKKKKDKKKDKKD	25	21
Don Murphy (2nd nomination)	K	KKKDKKDKKKDDKKDKKKDKKKKKKKDKDDKKKKKDDKKKKKKKDK	34	12
CAT1-X Hyperion Gundam series	K	KKKKDKKKKKDDDDKKKKDDDDKKKDKKKKKKDDKDKKKKKKDDDK	30	16
Elephant (wikipedia article)	K	DDDDDDDDKDDKKDDDDDDDDDDDDDDDDDDDDDKDKDDDDDDKDK	7	39
Infinite monkey theorem in popular culture (second nomination)	K	KKDKDKKKKDDKKKDDKKDKKKDKDKKDDDDDKDDKKKKDDKKDKD	26	20
Individual Counter-Strike maps	D	DKDKDKDKKDKKDDKKDKKKDDKKKKDKKKDKKKKKKKKKKKKDKK	33	13
Gleneagle Secondary School	K	KKDKKKKDKDDKKKDKDDDKDKKKDDDKDDKKDDDKKKDDKKKDDK	25	21
Movement to impeach George W. Bush	K	DKKKKKKKKKKKKKKKKKKKDKDKKKKKKKKDKKKDKKDKKKDKDD	37	9
2009 Fox News ‚Äì White House controversy	K	DKDKKDDKDKDKKKKKDKKDKKDDKKKDKKDKKKKKKKDDDKDKDD	28	18
List of songs about masturbation (5th nomination)	K	DDKDKKDDDDDDKKDDKKDKDKKKKKDDDDKKDKDDDDKDDKKDDD	19	27
Lori Klausutis (third nomination)	K	DKDKKDKKDDKDKDDDKKKKDDDDDDDDKDDDDDDDDDDDDKKDDK	15	31
Allegations of state terrorism by United States of America	K	KKKKDKDKKKKKDDKKKKKKKKKKKDKDKKDKKKKDKKDDKKDKDD	33	13
Jewish ethnocentrism/previous	K	KKDKDKKDDKKDDDDDDDDDDDKKKDKDDDDKKKDDKKDDDDDKDD	17	29
2005-2006 US-Israeli threats to attack Iran	K	KKKKDKDDDDKDDDDKDKKDKKDDDKDDKKKDDDDDKDDKDKDDKD	19	27
Colonization of Mercury	K	DKKKDKDKKKKKKKKKKKKKKKKKDKKDKKDKKDKKKKDKKDKDK	35	10
Israel Defense Forces using human shields	D	KKDDDDDDKKDDKKDDDKDDDDDDKDKDKDDDKDDDDDDDKDDDD	12	33
Web Cartoonist's Choice Awards (2nd nomination)	K	KDDDKKKKKKKDKKKKKKKKKKKKDKKDKDKKKKKKDKDKKKKKK	36	9
Abdul Muneem Patel	K	KDKKDKKKDDKDKDDDKKKKDKDKKKKKKDDKDKDKDKDDDDKKK	26	19
Communist genocide	K	DDDDKKDKKDDDKKDDDDDDDKKDDKKDKDKDKKDDDDKKKDDKK	19	26
Homosexuality in ancient Greece	K	KDKKKKDDKDKDKKKKKKKDKKKKKKKKKKKKKKKKKKKDKKKDK	37	8
Zionist terrorism	K	KKKDDDDKKKDKKDDDKKKDDKKKDKDDDKKDDKDKKKKDKKKKK	27	18
Spells in Harry Potter (3rd nomination)	K	KKKKKKKKKKKKKKDKDDDKDKKKKKKKDKKKKDDDDKKKKDDDK	32	13
List of people who left Islam	K	KKKKDKDKKKDKDKDKKKKKDKDKDKDKDKKKKKKDKDDDKKDKK	30	15
Climate change denial	K	DDKKKKDDKKKDKKDKDKKKKKDDKDKKKKKKKKKKKKKKDDKKK	33	12
Kelsey Smith	K	KDKKKKKKDKDKKKKKKKKDKDDDKDKDDDDDKKKDKKDKKKKKK	30	15
Children of Michael Jackson	D	DKDDDKDKDDDDKKKDKKDDKKDDDDKKKKDKKDDKDKDDKDKDD	20	25
Benjamin Cory Elementary School	K	KDKDKKDKKKKDKDKKDDKKDDDDDKDDDDDKKDDKKDKDDKDDD	20	25
Dwm (2nd nomination)	K	DDKKDKDKDKKKKKKDKKKKKKDDKKKDDDKKKDKKKKKKDKKKK	32	13
9-11: The Road to Tyranny (3rd nomination)	K	DDDKDDDDDKKKDDDDDDDDKDDDDKKDDKDKKDKDKDDDDDDDK	13	32
Anti-Semitism in Poland	D	KDDKDDDKKDDKKKKDDDKKDKKDKDDKKKDDDKDKDDKKDKDK	22	22
Levi Johnston	K	KDDKDKDKDDKKDKKKKKKKKKDDKKDDDDDDKKDDDKKDKKDK	24	20
P-P-P-Powerbook (second nomination)	K	KKKKDDKKKKKKKKDKKKKKDKKKDKKKKKKKDKDKKKKKDKDK	35	9
Second Wizarding War	D	DDKKKDKKKDDKKKKKKKKKKKDDDDDDKDKKKKKKDDKKDDKD	27	17
Ancient persecution of non-Jews by Jews	D	DDDDDDDDDKKDDDDDDDKDKDDDDDDDDDDDDDDDDDDDDKDD	5	39
LostCasts	D	KDDDDKDKDKKKKKDKKKKDDKKKKDKKDKKKKKKKKKKKKKKK	33	11
Gotem(speech)	D	KKDDDDDDDKKDDDKDDDDDDDKDDDDDDDDDKDKDDDDDDDDK	9	35
Daniel Brandt (3rd nomination)	K	KKKDDKKDKKKKKDKKKKDDKKDKDDDKKKKKKDKKKKKKKDKK	32	12
HD DVD Night	K	KDKDKDDKKKKKDKKDDKKDKDKKKKKKKKKKKKKKKKKKKKKK	35	9
Orly Taitz (2nd nomination)	K	KKKKKKKKKKKKKDKKDDKKKKKKKKKKDDKDKKKKKKKKDKKK	37	7
John 20:16	K	KKDDKKKKDKDDDDDDDKKKKDKKKDDKDDDKDKKDKDKKKKDK	24	20
Zeitgeist the Movie	K	DDDKDDDKKKKDDDDKDDKDKKKDKDKKDKKKKDKDKKKDKKDD	23	21
Muntadar al-Zaidi	K	KKKKKKKDKKKKKKKKKKKKKKKKKKKKKKKDKKKDKKKKKKKK	41	3
Rigoberto Alpizar	K	KKDKDKKKKKKKKKKKKKKKKKKKKKKKKKKKKKKKKKKKKKKK	42	2
Prime Number Shitting Bear	D	DDDDDKDDDDDDDKDKDDKDDDKDDDKDDDDKDDDKDDDDDDDD	8	36
Paris Hilton energy plan	K	KDKDKKKKKKKKKKKKKDKKKKKKKKKKKKKKKKKKDKKKKKK	39	4
Al Gore III and Noelle Bush	K	KKKKKKKKDDDDKKKDKKKKKKDKKKKDDKKKKKKKKDKKKKK	34	9
Members of the 38th Canadian Parliament and same-sex marriage	K	KKDKKKKDKDDKKDKKKKKKDDKDKKKKKKKKKKDDKKDKKKD	31	12
Hamblen Elementary School	K	DKDKKKKKDDDKKDDKKKDKKDDDKDKKKDKKDDDKKKKDDDD	23	20
List of countries that McDonalds franchises their restaurants in	K	KKKDKDKKKKDDKDDKKKDKDDDKKKKKKDDKKDKDKKKKKDD	27	16
Stardestroyer.net2	K	DDKKDKDDKDDDDDDKDKDDDKKDKKDDKKDDKKDKDKKKDDK	19	24
3055 (number)	D	DDDKDDDKDDDDDDKKDDDKDDDDDDKDDDDDDKDDDDDDDDK	8	35
West Point Elementary School	K	DKDKKDDKKDKDDKDDDDDDDDKKDDDDDDKKKDDKDDDKDKD	15	28
Star Trek: New Voyages	K	KKKKKKKKKKKKKDKKDKKKKKKKKDKKKKKKKKKKKKKKKKK	40	3
Ginger Jolie	D	DDKDKKDDKKDDKDKKDKKKDDDKDKKDDKDDDDKKDDDKKKD	20	23
Franklin High School	K	KDDDDDDDKKKKKDDKDDDKKDKKDKDDDKDDDDDDDKDKDDK	16	27
Interchanges on Ontario provincial highway 401	D	DDDDKDKDKKKKDDDDDDKKKKDDDDDDDKDKDDDKDDDDDKD	14	29
Scholars for 9/11 Truth (3rd nomination)	K	DKKKKDKDDKDKKKKDDKDKKKDDDKKKDKDDDKKKDKKDKDK	25	18
Accusations against Israel of war crimes during the Al-Aqsa Intifada	K	KKDDKDDKKKKKDKDDKDKDDDDDDKDDDDKKDDKDKKKKDDD	19	24
Saddleback High	K	KKKKDKKDKKKKKDKKKDKDKKKDDDDKKDKKDDKKDKDKKD	27	15
Bob Mcilvaine	K	DDDDKDDKKKKDDDDDDDDDDDDDDDDKDDDKKKDDDKDKDK	12	30
Internet Watch Foundation and Wikipedia	K	KKKKKKKKKKKDKKKKKDKKKKKKKKKKKKKKKKKKKKKKDD	38	4
28 August 2007 lunar eclipse	K	KKKKKDKKKDKDKDKKKKKKDKKDKKKKKKDDDDKKKDKKKD	30	12
G. V. Loganathan	K	DKKDKKKKDKKKDKDDKKKKKKKDDDKKKKKKDKDKKKKDKK	30	12
District Attorney's Office	K	DDKDDKDDKKKDDDDKKDDKDKDKKDKKDKKDKKKDKDKKDK	22	20
Soviet occupation denialism	K	DDDKKDKKKKKDKDKKDKDKDKKDKKKKDKKDKKKDDKKDKK	27	15
Allegations of Israeli apartheid (8th nomination)	K	KDDDKKKKKKDKDKKKKDKKKKDDDKKKKKKDKKKKDDDKKK	29	13
Wikipedia Watch (5th nomination)	K	KDKDDDDKKKKKKKDKKDDDDKDDKDDDDKDDDDDKDDDDDK	16	26
Misconceptions about Iran	K	DKDKKDKKKDDDDKDDDDDDDDKDKDDKKKKKDKDDKDKKKD	19	23
List of the Great Boners of all time	K	KKKDDDKKDKDDDDKDKKDDDKDDDDKKKDDDDDDDDDDDKK	15	27
McDonald's menu items (2nd nomination)	K	KDKKDKDDKDDKKKKKKKDKDDKKKKKDKKDKKKKKKDKDDK	28	14
Red Lake High School	K	KKKKKKKKKKKKDKKKDKKKKKKKKKKKKKKKDKKKKKKKKD	38	4
John Warren (convict)	K	DKKKDKDDKKKDKKKKKDKDKKKKKKDKKKDDKDDKDKDKDK	27	15
Ted Frank	K	DKKKKDKDDKKKKDKKDKKKKKDKDKKKKKDKKKKDKKDKKK	31	11
2004 U.S. presidential election controversy	K	KKKKKKKKKKKKKKKKKKKKKKKKKKKDDKKKKKKKKKKKKK	40	2
Wolfgang Werl√©	K	KKKKKKDDKKDKKKKKDKKKKKKKDKKKDKKKDKKKDKKKKD	33	9
Jon Blake (broadcaster)	D	DDDKDDDDDDDDDDDKDDDKDDKKDDDKDKDDDDDKDDDDKD	9	33
Objective validity of astrology	D	DKKDDKDDDDDDDDDKKKDDDDKDDDKDDKDDDDKKDDDDKD	12	30
Nadya Suleman (2nd nomination)	K	KKKKKDKKKKKKKKDKDDKKDDKDKKKKKKKKDKKKKDKKDD	31	11
American Airlines destinations/archive	K	DDKKDKKKDDKKKKKDDDKKDKDDDKKKKKDDKKKKKDDDKK	25	17
Starfleet alternate ranks and insignia (2nd nomination)	D	DDKDDKDDKDKDKDKDKKKDDKDDDDDDKDKDKDDDDDDDDD	13	29
Chess championship	K	KKKDKKDKKKKKDKKKKKKKKKKKKKKDKKKKKKKKDKKKK	36	5
List of Playboy Playmates with D-cup or larger breasts	D	KKDDDDDDDDKKDKDDKKDKKDDDDKDDDKDDDDDKDKDDD	13	28
Ron Moseley (second nomination)	D	KDKDKKKKDDKDDKDDDKDDKKDKDKDDKDKDDKKDDKDKK	20	21
Corey Worthington (2nd nomination)	K	DDDDDKDKDKKKKDKDDDDDKDDKKDDDDKKKKDKKKDDDK	18	23
Shiloh Nouvel Jolie-Pitt	K	DDKDKKDKKDKKDKKDKKKKKKKKKKKKKKKDKKKKKKKKD	32	9
The Game (game) (fifth nomination)	K	DDKKKDDDDKDKDKDDDDKDKDDKDDDKKDKDDDKDDKDDK	15	26
Religious persecution by Christians	K	KKKDKKKKDDDKDKKKKKKKKDKDKDKKKKDKDKKDDDDKK	27	14
Tim Mathieson	K	KKKKDKKKKKKKDDDKKKKKKKDDKKKKDKDKKDKKKKKKK	32	9
Noemi Letizia	D	KKDKDDDDKDDDKDDKKDDDKDKDKDDDDDDKDKDKKDKDK	16	25
Malik Abongo Obama	K	KDKDKDDKDDKKKDKDDDKKKDDDDDKDKDKDKDDKKDDDK	18	23
April Fool's Day	K	DKKDDKKKKDKDKKKKKKKDKDDKKKKKKDKKKKDKKKKKK	31	10
Islamophobiaphobia	D	KDDDDDDKDKKDDDKKDDKDKKDKDKKDKDDDDKDKDKDKD	17	24
Examination of Holocaust denial	K	KKKKKKKDKKKDDKKKKKKKKKKKKKKKKKKKKKKKKDDKK	36	5
List of people widely considered eccentric/2005 September	K	KDKDDKDKKDKDKDKKKKDKKDDKDDKDDDKKKDDDDKDDK	20	21
Islamic extremist terrorism	K	KKKDKKKDKKKKDKKKKKKKKKKKKKKDKKKKKKKDDKKDK	34	7
Apartheid wall	K	KKKDDDKDKKDKDKKKDKKKKDKKKKKKKDDKDKDKDDKKD	26	15
Ashlee Simpson U.S. tour, 2005	K	DDDDDDDKKDKDDDDDKDDDKDDDDDDKDDDDDDDDDDKDD	7	34
Steve Gilliard	K	KDKDKKKKKKKKKKKKKKKKKKKKKKKKKKKKKKKDKDKKK	37	4
Ahad's Constant	D	DDDDKKDDDDDKKKDDKKDKDDDKKDKKDDKDDKDKKDDDK	17	24
Lostpedia (second nomination)	K	KKKDKKKKKKKDDDKKKKKKKKDKDDKKKKKKKDDKKKKKD	31	10
RX-78 Gundam	K	KDKDDDDKDKDDKKKKKKKKKKDKKKKDKKKKKDKKKDKKK	29	12
State terrorism by United States of America	K	KKDKDKDDKKKKKKKKKKKKDKKKKKDKDDDDDKDDDDKDK	25	16
List of men famous for being well endowed	D	DDDKKDKKDDDDDDDDDDDDDKDKKDKKKKDDKDDKDDDDD	13	28
Ukrainian-German collaboration during World War II	K	KKKKKKKKKKKKKKKKKKKKKKKKKKKKKKKKKKKKKKKKK	41	0
List of massacres commited by Israeli forces	K	DDKDDDDDDKDDDDDDKDKDKDKDDKDDDDKDDDDDDDDKD	9	32
Views of Creationists and mainstream scientists compared	D	DDKDDKDDKKDDDDKKKDDDDDDDDDDDKDKDKDDKDDKD	12	28
Notability in Wikipedia	K	KDDKKDKKKKKKDKDKKKKKKKKKKKKDKKDDKKKKKKKK	32	8
Matt Sanchez (3rd nomination)	K	KKKKKDKKDDKDKKDKKKKKDKDKKDKKKKDDKDDKKKKK	28	12
Randal McCloy	K	KKKDKKKKKKKKKKKKKKKKKKKKKKKKKKKKKKKKKKKD	38	2
Worst United States President in history	D	DDKDDKDDDDKDDDDKDDDDDDDDDDDDDDDDKDDKDDDD	6	34
Westbrook School	K	DDKKKDDDDDKKDDKKDDDDKDKDDDDDKDKDDDDKDKDD	13	27
Deletionpedia	K	KKKDKKKKDKKKKKKKKKKKKKKKDKKDKKKKDKDKKKKD	33	7
Wikipedia Class Action	K	KDKDKDKDKDDKKKKKKDKKDKKKKDKDKKDKKDKDDDKD	24	16
Hutaree	K	DKKKDKKKKKKKDKKKKKKDKKKKDKKKKKKKKKKKKKKK	35	5
Angela Beesley (6th nomination)	K	KKDKKDDDKKDDDKKDKDKDKDDDDDKDDKDDDKKKDKKD	18	22
List of commercial failures in computer and video gaming	K	DDKKKKKKKDKDKKKKKKDKKKKDKKKDKKDKKKKKDDKK	30	10
James Combs	K	DDDDKDDDDDDKKKKDDKKDDDKDDDDDDDKDKKDDKDKD	13	27
"List of films that most frequently use the word ""fuck"" (5th nomination)"	K	KKKDKKKKDKKKDKKDKDKKKKKKKKDKDKDKDKDKDKKK	29	11
Richard Phillips (captain)	K	KKKKKDDKKKKKKKKKKKKKKKKKKKKDKKKKKKDKKKKK	36	4
Leigh High School	K	DDDDKKDKDDKDDDDKKKKKKDKKKKKKKKDKKKDKKKKD	25	15
Wikinfo (6th nomination)	K	DDKKDDKKKDKDKKKDKKDDDKDKDDDKKDDDDDKKDDDK	18	22
Donny Long (2nd nomination)	K	DDKKKDDDDKDDDKDDKDDDKKDKDDDDDDDDKDDDDDDD	10	30
Deadmines	D	DKDDKKKDKDKDKKDKKDDDKKKDKDKDKKKDDDDKDDKD	20	20
Mahajana High School	K	KKKKDKKKKKKKKDDKDDKKKKDDDDKDDDKDDDKKDDKK	23	17
Licking	K	DDDDKDDKKKKKDKDKKDKDKKKDKDDDDDDKDKDDDKDK	18	22
New Cold War	K	DDDDKKDKKDKKDDDKDKKDDDKDKDDKKDKKDKDDKKDD	18	22
Jocelyne Couture-Nowak (second nomination)	K	DKDDKKDKDDDKDKDKKKKDDKDKDDKDDKKKKDKDKDKK	21	19
Denialism (2nd nomination)	K	KKKKDKKKKKKDKDKKKKKKKKKKKDKKDKKKDKDDKKKK	32	8
2004 U.S. presidential election controversy, exit polls	K	KKKKKKDKDKKDKKKKKKKKDKKKDDKDDKKDDDKKKKKK	29	11
Wikipedia community	K	DKKDDDKDDDKKDDKDDKDKKDKDDDDDDKKKDDDDDKKK	16	24
Genderfuck	K	KKKKKKKKKKKKKKKKKDKDKKKDDKKKKDKDDKKKKKKD	32	8
Meathead (2nd nomination)	D	KKKKKKKDKDDDKDKKKKDDDKDKKKKDDKKKKKKKKKKD	28	12
Norman Technologies	D	DDKDDKKKDDKDDKKDDDKDDDDDDDKDKDKDDDDKKDK	14	25
Controlled demolition hypothesis for the collapse of the World Trade Center (3rd)	K	KKDKKDKDKKKKKKKKKDKKKKKDKKKKKKKKKKKKKKK	34	5
List of proven conspiracies (2nd nomination)	K	KDDDDDKDDDDKKKDDDDDDDKDDKDKDDDKDDDKDDDD	10	29
Sunset High School (Portland)	K	KKKKKKKDKKKKKKKKKKKKDKKKKKKKKKKKKKKKKKK	37	2
Don Murphy (3rd nomination)	K	KKKKDKKKKKDKKKKKDKKKKKKKKKKDKKKKKDKKKKK	34	5
List of warez groups	K	DKKKDDKDKKKKDKDDDDKKKDDDKKDDKKDKDKDDDDD	18	21
Iceland‚ÄìMexico relations (2nd nomination)	K	DKDDDKKKKDDKKKDDKDKKDDKDDKDKKDKKDKDKKKK	22	17
Gay rights in Iraq	K	KKDKKDKKKDKKKKKKKKKKKKKKKDKDKDKKKKKDKKK	32	7
Sheree Silver (2nd nomination)	K	DKKDDDDKKKKKDDDDKDDDDKKDDKKDKDDDDDDDDKK	15	24
Barack Obama's first 100 days	K	DKKDDKKKKKKDKDDKKDDDKKKKDKDKDDKKDDDDDKK	21	18
Anti-globalization and antisemitism (2nd nomination)	K	KDKKDKKKKKDKKKKDDKDDKKKDKDDDKKKDKKKKKDK	26	13
Scientists opposing the mainstream scientific assessment of global warming	K	DDKDKKKDDKDKDKKDKKKDKKKKDKDKKKDDKKDDKKK	24	15
Ashley Todd	K	KDDKKKKKDDDKKDDDDKKDDDDDDKKDKDDKKDDDKKK	18	21
The New and Improved Carl Morrissey (The 4400 episode)	K	DDKKKKKKKKKKKKKKDDKKKKKKKKKKKKKKKKKKKKK	35	4
Encyclopaedia Dramatica	K	KDDDDDKKDKKKKDKDDKDDDDKDKDKKKKKKDDDKDDD	18	21
List of fictional swords	D	DDKDKKDDDKKDDKDDKDKDDDDDKKDKKDDDDDDDKKD	14	25
Winter Springs High School	K	KDKKKDKDKDDKKKKKKDKKDKKDKDDDKDKDKKKKDDK	24	15
2006 FIFA World Cup - Group A	K	KKDKKKKKKKKKKKDKKKKKKKKKKKKKKKKKKDKKKKK	36	3
North America (Americas)	D	KKDKKKDKKKKKKDDDDDKKDDKDKDKKDKKKDDDDKKD	22	17
Anti-Israel lobby in the United States	K	DDDKKKDKDKDDKDDKDDKKDKKKDKDKDKDDKKDKDKK	20	19
List of Roman Catholics (2nd nomination)	K	DDDKKDDKKKDKDDKDDKDKKKDDDDDDKDKDKDDDDK	15	23
2009 IDF T-Shirt controversy	K	DDDKDKKKKKKDKDKKDDKDDDDKKDKKKDDDKKDKDK	20	18
Blake Junior High School	K	KDKDKDDKKKKKKDKDKKDKKDKDKDKDKKKKKDKDDK	24	14
524 East 72nd Street	K	KKKKKKKKKKKDKKKKKKKKKKKDKKKKKKDKDKKKKK	34	4
Bush family conspiracy theory (2nd nomination)	D	DDKDDDKDKDDDDKDDKKKKKDDDKDKDDKDDKKDDKD	15	23
The Motley Moose	D	DDKDKDKKDDDKDDKDDDKDDDKDDDDDKDKDDKKKDD	13	25
Wikipedia Death Penalty	K	DDDDKDDDDDDDDKDKDDDDDDDDDDDDDDKDDDDKDD	5	33
John Arbuthnot, 6th Viscount of Arbuthnott	K	DKDDDKKKKKDKKDKDDKDDDKKDKKDDKKDKKDDKKK	21	17
List of ethnic slurs	K	KKKDDDDKDKKDKKDKKKDKKDKKKKKKDKDDDKKKDK	24	14
Daniel Dorim Kim	K	DDDDKKKKKDDDKDDDDDKKDKDDKDDKDDKDDDKDKD	14	24
American Airlines destinations	K	DKKKKKKKKKDKKDKKKKDDDKKKKKDDKKKKDKKKKD	28	10
Suicide method	K	KDKKDKKDKKDKKKKKKKDKKKKKKDKKKKDKKKKKKK	31	7
The Bible and homosexuality	K	DKKKKKKKKKKDDKDDDKDKKKDDKKKDKKKDKKDDKK	25	13
Christian evangelist scandals	K	KKDKDDKKKKKKDKKKKKDKDKKDKKDDDKKDDKKKDK	25	13
IPhone (Linksys)	K	KKKDKKKKKKKKKKKKKKKKKKKKKKKKKKKKKKKKKK	37	1
Bajarl (Monster Rancher)	K	KDKDKKKDKDKDKKKKKKDKDKKKKKDDDKKKDDKKKK	26	12
Inconsistencies in the Bible	K	DDKKDDDDDDDKKKDDDDDDDKDDDKDKKKDKDKDKDD	13	25
StarCraft units and structures	D	DKKKKKDDDKDDKDKDDKDDDDDDDKDKDDKDKDKDDK	15	23
Bel Air High School	K	KKKKDKKDKKKKKKKKKKDKKKKDDDKKDKDKDDKDKK	27	11
Bushism	K	DDKKKKKKKDKKKKKKKKKDKKDKKKKKKKKKKKKDKK	32	6
Caitlin Upton	K	KKDKKKKKKKKKKKKKDKKDKKKKDKDDDKKDDKKDKK	28	10
MyWikiBiz (third nomination)	K	DDKKDDDDKDKDKKDKDKDDDDKDDDDDKKDDDKDDDD	12	26
Progressive Bloggers (2nd nomination)	D	KKDDKKDDKKDKKKDKDDKDKDDDDDKDDDKKDDDKKK	18	20
Islamofascism	K	KKDDDKKKKKKKKKKDKKDKKKKDKKDKKDKKKKDKKK	29	9
Criticism of Judaism (2nd nomination)	K	DKKDKKKKKKKKKKKKKDKKKDKKDDKKDDKKKKDKKD	28	10
Greenlighting 2	K	DDDDKKDDDDDKKDKKDDKDKKDKDDDKKDKKKKDDKD	17	21
Fuck the South 2	K	DDDKKDDDDDDDDDDDDDDDDDDDKDDDKDDDDDKDDD	5	33
Potential Superpowers‚ÄîIndia	K	DDDKKDKKKDDDKDKDDKKDKKKDKKKKDKDKDDKDDD	19	19
Logarithmic timeline of current events	K	KKDDKKDKDDKKDKKDDDKKKDKKKDKDKKKKKDKKKK	25	13
Cypress Falls High School	K	KKKDKKDKKKKKKKKDKKKDDDDDKKDKKDDKKKKDDK	25	13
Cy-Fair High School	K	KKKKDKDDKKKKKDDKDKKKDKDDDKKDKDDKKKKDDK	23	15
Solar system warming 2	D	DDDDDDDDKKDDKKKKDKDDDKKKDDDKDDDDDDDDDD	11	27
The Game (game) (2 nomination)	K	KKDKKKKKDKKKKKKKKDKKKKDKKDDDDKKKDKDDKK	27	11
"List of bands beginning with the word ""lemon"""	K	KDDDKDDKDDKKKDKKDDDDDDKDKDDDKKDDKDDDKD	14	24
Atomic bombings of Japan as a form of state terrorism	K	DKKKDKDDKDDDDDDKDDKDDDKKDKKDKDDKDKDKDD	15	23
List of interesting or unusual place names	K	KDKDDDDKKDDKKDDKKKDKKDDDDDKDDKDDDDDKDK	15	23
O. J. Simpson Las Vegas robbery case	K	KKKKDDKKKDKKKKDKKKKDKKKKKKKKKKKKKDKKKD	31	7
Vicki Iseman (2nd nomination)	D	DKDKKKDDKKKDKDDKKKKKKKKKKKKKKKDKDKDKKK	28	10
Harry Potter film/book differences	K	KKKKDKKKKKDKKKKDKKKDDDDDKDDKKKKKKKDKKK	27	11
Third holiest site in Islam (second nomination)	K	DKDDDDKKKDKDKKKKKKDKKKKDKDDDKDDDKKDKKD	21	17
Adolf Hitler's 50th Birthday	K	KKKKKKKKKDKDKKKDKDKKKKKKDKKKKKKKKKDKKK	32	6
Hillel Day School	K	DKKKKDKDDDKDDKDDDKKKDDKKDKDKKDKDKKDKDK	20	18
List of proper nouns containing an exclamation mark (second nomination)	K	DDDDDKDDDKDDDDKDDKDDDDDDDDDDDKDKDDDDDD	6	32
The White Rose Society (website) (3rd nomination)	D	KKDKDKKDKDKDDDDKDKDKDDKKDDDKKKDDDDKKK	18	19
Kaveh Farrokh	K	DKDDKDDKKDKKDKKKKDDDDKDKDKDDKKKDKDKKK	20	17
Jay Brannan	K	DKKDKDKKDKKKDKKDDDDKKDKDKKKDKDKDKKKKK	23	14
SuccessTech Academy shooting (2nd nomination)	K	KKDDDKKDKKKKKKKDDKDKDKKDDDKKKKKKDDKKK	24	13
List of ethnic stereotypes 2	K	DKDDDDDKDDKKDDDDKDKKDDDDDDKDDDDDDDDDD	8	29
Optimus keyboard	K	KKKDKKKDKKKKKKKKKKDKDDDKKDDKDDDDDDKDK	22	15
Autobiography sales and chart positions/Archive1	K	KDKDDKKDKDKDDKDDDDDDKKDKDKKDKDKDKKKKK	19	18
List of ethnic stereotypes 2	D	DDKDDDKDDKDDKDKKDKKKDDDKKKDDDDDDDDDDK	13	24
Antisemitic incidents during the 2008‚Äì2009 Israel‚ÄìGaza conflict (2nd nomination)	K	KDKKKKKDKDKDKKDDKKKKKDKKDKDKKKKKKKKKD	27	10
Jewish supremacism	D	DDDDDDDDDDDDDDDDDDKKDDDDDDDDDDDDDKDDD	3	34
Church of Reality (2nd nomination)	K	DKKDDKKDDKKKDKKDKDDKKKDKKKKDKDDKDKDKK	22	15
The Price is Right pricing games	K	KKKKKKKKKKKKKKKKKKKDKKKKKKKKKKKKKDKKK	35	2
Bret Harte Middle School (San Jose, California)	K	DDKKKDKDKDKDDDDKDDKKDDKDDKDKDDKKDKDKD	16	21
Diane Farrell (Second nomination)	K	KKKKKKKKKKKKDKKDKKKDKDKKKKDKKKKKKKKKK	32	5
Spoo	K	KKKDKKDKKKKKKKKKKKKKDDKKDDKDDKDKDDKKK	26	11
List of Jewish bankers	D	DDDKDDDDKDDDDKDDKDDKKKDDDKDKDDDDDDDDD	9	28
Aaron Klein	K	DDKDKKKDKKKKDKDDKKKDDKKKKDDKDKKDKKKDK	23	14
Fuck The Earth Day	D	DDDKDDDDDDDDKDDKDDDDDDDDDDDDDKDDDDDDD	4	33
Long Horse	K	KDDKDDDKDDDKDKDKKKDDDKDKDDKDDDDDDDDKD	12	25
Handjob	K	KKKKKKKKKKKKKKDDKKKKKDKKKKKDKKKKKKKKK	33	4
Unusual Sex Acts	D	DDDKKKDKDDDDDKDDDDDDDDKDDDDDDKDDDDDDD	7	30
South Azerbaijan National Liberation Movement	D	DKDDDKDKDKKKDKDDDDDKKKDDKDKDKDDDDKDKK	16	21
Unguided evolution	K	DDKDDDKDDDDDDDDDDDDDDDDDKDDKDKDDKDDKD	7	30
St. Anne School (Seattle, Washington)	K	KDKKKKKDKKDDDKKKDDDKDKDDDKKDKDKKKKDKK	22	15
El Goonish Shive	K	KKKDKKDKKKKKKKKKKKKKKKKKKKKDKKKKKKKKK	34	3
St. Joseph's Secondary School	K	DKKDKKDKKKKDKDKDKDKDDDKDDDDKDDKDKDDDK	17	20
List of deaths in The Sopranos series (2nd nomination)	D	DKDKKDKKDKKKDDKDKKDKKDKDDKKDKKDDKKDKK	22	15
List of songs about drugs	K	KDDDKKKKDKKKKKKKKKDKKDKDKKKKDKKDKDDKK	26	11
Safety Not Guaranteed	K	KKKDKKDDKKKKKKKKKKKKDKKDKDKDKDKDKKKKK	28	9
List of Christian claims of fulfilled Old Testament prophecies	D	DKDDKDDKDKDDDDKDDDDKDDKDDKDKDKDDDDKDD	11	26
Ashlee Simpson on SNL	K	KDDDKKKDKKKKDKKKKDDKKKKKKDKKKKKKKKKDK	28	9
The New York Times and the Holocaust (2nd nomination)	K	DDDDDDDDDKKDKDDDDDDDKDKKDKDKDDDDDDKKK	11	26
Serbophobia (second nomination)	K	DDKKKDKKDKDKKKKKKDDDKKDKDKDKKDDKKKKDK	23	14
Bullshido.net (4th nomination)	K	DDDDDKKKKKKDDKDDDDDKDKDKDDDDKKDKDDDK	14	22
WWE Backlash	K	KKKKKKKKKKKDKKKKKKKKKKKKKKKKKKKKKKKK	35	1
Chewbacca defense (3rd nomination)	K	KKKKKDKKKKKKKKKKDKKKKKKKKKKKKDKKKKKK	33	3
Star Trek: Hidden Frontier	K	KDKKKKKDKKKKDKKDDKKKDKDKKKKKKDKDKKKK	27	9
St. Gregory Barbarigo school	K	DKKDKKKKDKDDDDDDKKDKKDDKKDKDDDDDDDKD	15	21
Mediacrat	K	DDDDDDDDKDDDDDDDDKDDDDDDDDDDDDDDDKDD	3	33
Star Trek and pedophilia (second nomination)	D	KKDKKKKDKDKDDKKDKKDDDDDDDKKDKDKKDDDD	17	19
List of shock sites	K	KKKKKKKKKKKKKDKKKKKKKKDDKDKKDKKKKKKK	31	5
Michelle Obama's arms	D	DKDDDDDKDDKDKDDKDDDDDDDDDDKDKDDDDKDK	9	27
Israeli Terrorism against the United States	K	DDDDDDDDDDDDDDDDDDDDDDDDDDDDDDDDDDDD	0	36
David Mertz	K	KKDDKKKKDDDDKDKKDKKKKDKKKKDDKKKDKKKD	23	13
Aliza Shvarts	D	DDKDDKDDDDDDKDKKKDKKDDKDKKDDKKKDDKKK	17	19
Proof that 22/7 exceeds œÄ	K	KKDKKKDKKKKKKKKKKKKKKKKKKKKKKKKKDKKK	33	3
Duveneck School (2nd Nom.)	K	DKKKDKDKDKDDDDDKKDKDDDDDKKDKDDKKKDKD	16	20
List of PlayStation games incompatible with PlayStation 2	K	KKKDKKDDKKKKKKKKKDKKKKDKDKKKKKKDDDDK	26	10
List of interracial couples	D	DDDDDDDDDDDDDKDKDDKDDDKDDDDDDDDDKDDD	5	31
Sun-Kyung Cho	K	DDDDDDDDDDDDDDKDDDKDDDDDDDKDDKDDKDKD	6	30
2010 Haiti earthquake conspiracy theories	K	DKKKDDDKDKKDDDKDKKDKKKDDKDDDDKDKDDDK	16	20
The God Who Wasn't There	K	KKKKKKKKKKKKKKKKKKKKKDKKKKKKKKKKKKKK	35	1
Ugly Hill	K	KDKKKDKKDKKKDKKKKKKKKKKKKDKKKKDKKKKK	30	6
House demolition in the Israeli-Palestinian conflict	K	KKKDKKKKKKKDKKKKKKKKKKKKDKKKKKKKDKKK	32	4
Compton High School	K	KKKKDKKDKKKKKKKDKDKKKDKDDKDKDDKKKDDK	24	12
F@NB0Y$	D	DKDDDDDDKDDDDKDKKKDDKDDDDDDDKDDDDKDD	9	27
9814072356	K	KKDKKKKKDKKDDDDDKKKDKDKKDKDKKDDKDKKD	21	15
The Nazi Connection to Islamic Terrorism	K	DDDKDKKKKDKKKDDKKKDKKDDKDDKKDDDDDDDD	16	20
Wydown Middle School	K	DDKKKKKDDKDDDKDKDKKDDKKKKDKKKDDDKDDK	19	17
Neal Weaver	K	KDKDKKKDDKKKDDKDDKKDDDDDKKDKKKDKDKKK	20	16
Matt Murphy (baseball fan)	K	DDDKDDDDDDKKDDDKDDDKDDKDDDDKDKDDKDDD	9	27
Robert Baden-Powell's sexual orientation	K	KKKKKDDKKKKDKDDDKKKKDKKDKKKKKKKKDKKK	27	9
List of Children of the Presidents of the United States	K	DDDKKKKDDKKKKDKDDDKDKKKKKKKKDKKDDDDK	21	15
List of one-time characters in The Simpsons (4th nomination)	K	DDKKKKDDDKKKDDKKDKKKKDKKKDKDKDKDDDKD	20	16
List of honorific titles in popular music (2nd nomination)	K	KDKDDDKKKKKKKDDKDKDDDDDDDKKKKKDKKDKK	20	16
Two-hit wonders in the United States	D	KKDKKKDDDKKKDDDDDKDDKDDKDDDKKKDDDDDD	14	22
List of Latin phrases (2nd nomination)	K	KKKKKDKDKKKDKKKDKKKKKKKDKKKDKKKDKKKK	29	7
Wikitruth (2nd nomination)	K	KKDKKKKKKKDKKDDKKKDKKKKKDKKKDKKKKDKK	28	8
‚Öù	K	KDDDKDDDKDDDDDDDDDDKDKDDDDKDKDDDDDDD	7	29
Israeli terrorism/Closed June 11, 2005 vote	K	KDDKKKKKDKKKKKDKDKKDKKDDKDKKKKKKKKKK	27	9
16 August 2008 lunar eclipse	K	KDKDDKDKKKKDKKKKKKDKKKDDDKKDKDKKKKDD	23	13
Toowoomba Grammar School	K	DKKKDKKKKKDKDDDKDKDKDDKDDDKDKKKKKDDD	19	17
James Anderson (mathematician)	K	KDDKDKKKDKDDDKDKDDDDDDDKDDDKKDDDDKKD	13	23
Children of the Prime Ministers of Canada	K	KKKDKKKDDDKDDKKKKKKKKDKKDDKKDKDKDDDK	22	14
List of physics formulae	K	DKKKKDKDDDKKDDDKKKKKDKKKDDDKDKKKKDD	20	15
Wikipedia Watch (2nd nomination)	K	DDDDDKKKDKDKKDKKKKKKDKDKKDKKKKDKKKK	23	12
Civilization Fanatics Center	K	KKKDKKKDKKDKDKDKKKDKKKKDDKKKKKDKDKK	25	10
Berg v. Obama	D	DDDDDDDKDKKKDDKKDDDDDDDKDDDKDKDKDDD	10	25
Widdifield secondary school	K	KDKDKDKKDKKKDDDKDKDKKKDDKDDKDKDKKKD	19	16
List of fictional military organizations	K	KKDKDKDKKKDDDKDKKKKDKDDKDKKKDDDDDDK	18	17
Plot of Les Mis√©rables	K	KKKKDKKDKKDDKKDKDKDKDKKKKDDDDKKKDDD	20	15
Farris Hassan	K	KDDDKKDKKKKKKKDKKKKKKKKKKKKKKKKDDKD	27	8
Zora Neale Hurston Elementary School	K	KDKKDKKDDDKKDDKKDKKDDDDKDKKDDDKKKDK	18	17
Framingham High School	K	KKKDKKKKKKKKKDKKKKDKDDKKDKDKKDKDDKK	25	10
Judy Wood	D	DDDKKDDDDDDKKDKDDDDKDKDDDKKKDDDKDDD	11	24
Franklin Elementary School (Westfield, New Jersey)	K	DDKKDDDKDDKDKDKDDKKDKDKDKDKKKDKDKKD	17	18
Kim Kardashian	K	DKKKKKKKKKKDKKKKKKDDDKKDDDKKKKKKDKD	25	10
Vestavia Hills High School	K	KKKKKKKDKKKKKDDDKDKKKKDKDKKKKKKDDDK	25	10
You	K	KDKKKKKKKKDKDKDDKKDKKKKDKDKKKKKKKKK	27	8
Whitman Middle School (Seattle, Washington)	K	DDKDDKDKDDKDDDKKDKDKDDKDKKKDDKKKDDD	15	20
Clitoris (censored)	K	DDDDDDDDDDKDDDKDDDDDDDDDDDDDKKDDDDD	4	31
Edge Hill State School	K	DKKKKDDKKDKKDKKKKDDDKDDKDKDKKDDKDDK	19	16
Canyon Crest Academy	K	DDDDKKDDDKDKKKKKDKDKDKKDKKDKKKDKDKK	20	15
Palo Alto Montessori School	D	DDKDKDDDDDDDDDDDDDDDDKKDDDDDKDDDKDD	6	29
9/11 open questions	D	DDDDDDDKDDDDDDDDDDKDDDDKDKDDKDDDDKD	6	29
Burger King menu items/original	K	KDDKDDDDKKKDKDDKDKDKKDDKDDDDDDKDKKD	14	21
JetBlue Airways Flight 292	K	KKDKKKKKKKDKKKKKKKKKKKKKKKKKKKDKKKK	32	3
The Beatles trivia	K	KDDDKDKKDDKDDKDKDDDKKKDKKKKKKDDDDKK	18	17
List of songs deemed inappropriate by Clear Channel following the September 11, 2001 attacks	K	KDKDKKKDKKKKDDDDKDDDDKDKKDKDKDKKKDK	19	16
Rosie O'Donnell and Donald Trump Controversy	K	KKDDKDKDDKDDKDDKKKDDDDKDKDDKDDKDDKD	14	21
Lengths of superhero film and television series (2nd nomination)	D	DKDDDKKKDKDKKDDDKKKDDKDDDDKKDKDKKDD	16	19
YTMND	D	KDKKKKKKKKKKKKKKKKKKKKKKKKKKKKKKKKK	34	1
Chuck Norris Facts	K	KKKKKKKKDDKKDKKKKKDDKKDKKDKDDDKDKKK	24	11
Plot of Naruto: Shipp≈´den	K	KKKDDDKKDKKKKKKKDKDKKDKKKKKKKKKKKKD	27	8
2009 in downloadable songs for the Rock Band series (2nd nomination)	K	DKKKKKDDKDKKDKDKKDKKKDKKDKDKKKKKKKK	25	10
List_of_Republican_sex_scandals	D	KDDDKDDDDDKKDDKDDDKDDDDKDKKDDKDDKDD	11	24
Hindu extremism	D	KDDDDDDKKDKDDDDDDDDDDDDKDDDDDDDDKKD	7	28
Criticism of the Bible	K	DKDKDDDDDKDDKDDDKDDDKKDDDKDDKDDDKDK	11	24
Sam Spade/Report rogue admin	K	KKDKKKDKDKKDKDKDDDKKKKKKDDKDDDDKDDK	19	16
9/11: Press for Truth	K	KKKDKDKKKKKKKKKDDDKKKDKKDDDDKDDKDKD	21	14
List of Pok√©mon by species	K	DDDDDDKKKDKDDDDDKDDDDDKKDDDDKDDDDDD	8	27
Resignation of Sarah Palin	K	KKDKKKDKKKKKDDKKKKKKKDDKDKDKKDKKDDK	24	11
York Hill Elementary School	K	DKDKDKDDDDDDDKDKDDKDDDDDKDDKDDKDDKD	10	25
RuneScape armour (2nd nomination)	K	DDDKKDKKDDDKDKDDDDDDKDKDKKDKDDKKKKD	15	20
List of songs containing covert references to real musicians (2nd nomination)	D	KKKDKKKDKDKKDKKKDKKDDKDKDKKKKKKKDKD	24	11
Something Awful	K	KKDKKKKKKKKKKKKKKKKKKKKKKKKKKKKKKKK	34	1
Spencer Clark	K	KKDKDDKKDKDKDKDDKKKDDKDDKKDKDDKKKDK	19	16
Sacred Heart School	K	DDKDDKKKDKDDKDKDKKDKDDDDDKDKDDKKKDK	16	19
Pirate Party of the United States	D	DDDKDKDDKDKDKDKKDDDKKDKKKDKDKDKDDDD	15	20
Saklan Valley School	D	KDKDDKKKDKKDKDDKDKDDDKDDDDDKDDDDDKD	13	22
Deletionist versus Inclusionist Controversy	K	KKKKKKDDKKDKKKDDKKKKDKKDDDKDKDKKDKK	23	12